4303556842501,2020-01-13 12:12:18,2,2020-01-13 12:12:18,2020-01-13 13:33:44,200509,310000,310100,200000,2020-01-13 23:33:22,2020-01-13 23:37:19,2020-01-13 23:37:19,200000,2020-01-13 23:33:22,2020-01-13 23:37:19,,,,,,,,,,,,,,,214542,320000,320200,0,0,2020-01-14 20:00:00
4303559017711,2020-01-13 13:37:16,9,2020-01-13 13:37:17,2020-01-13 17:25:08,200202,,,,,,,,,,,,,,,,,,,,,,,,,,,0,0,
4303537335876,2020-01-12 19:44:18,9,2020-01-12 19:44:19,2020-01-13 18:01:05,200191,,,,,,,,,,,,,,,,,,,,,,,,200939,310000,310100,0,0,2020-01-13 20:00:00
4303561247425,2020-01-13 14:49:30,9,2020-01-13 14:49:31,2020-01-13 18:28:37,300400,310000,310100,200000,2020-01-13 23:44:27,2020-01-13 23:44:27,,200000,2020-01-13 23:44:27,2020-01-13 23:44:27,,,,,,,,,,,,,,,200492,310000,310100,0,0,
4303549402919,2020-01-13 08:19:36,9,2020-01-13 08:19:36,2020-01-13 10:56:53,200202,,,,,,,,,,,,,,,,,,,,,,,,200888,310000,310100,0,0,2020-01-13 20:00:00
4303549267379,2020-01-13 08:13:30,9,2020-01-13 08:13:31,2020-01-13 11:04:35,200202,310000,310100,202144,2020-01-13 11:55:31,2020-01-13 11:55:31,,200000,2020-01-13 12:02:23,2020-01-13 12:02:23,2020-01-13 12:02:23,2020-01-13 12:02:23,200000,200070,2020-01-13 14:36:01,200070,6011,310000,310100,2020-01-13 15:08:33,200070,6011,1,1,200070,310000,310100,0,1,2020-01-13 20:00:00
4303535982962,2020-01-12 12:18:42,2,2020-01-12 12:18:43,2020-01-12 13:49:48,200509,310000,310100,200000,2020-01-12 22:22:56,2020-01-12 22:27:46,2020-01-12 22:27:46,210000,2020-01-13 05:04:58,2020-01-13 05:08:35,2020-01-13 05:08:35,2020-01-13 05:08:35,210000,210046,2020-01-13 08:11:28,210046,3049,320000,320100,2020-01-13 09:41:33,210046,3049,0,1,210046,320000,320100,0,1,2020-01-13 20:00:00
4303549518217,2020-01-13 08:23:55,9,2020-01-13 08:23:56,2020-01-13 10:59:41,200202,310000,310100,202144,2020-01-13 11:55:25,2020-01-13 11:55:25,,200000,2020-01-13 12:01:33,2020-01-13 12:01:33,2020-01-13 12:01:33,2020-01-13 12:01:33,200000,201912,2020-01-13 17:35:43,201912,2017,310000,310100,2020-01-13 19:40:39,201912,2017,1,1,201912,310000,310100,0,1,2020-01-13 20:00:00
4303548986389,2020-01-13 07:48:02,9,2020-01-13 07:48:02,2020-01-13 12:45:13,200230,310000,310100,202144,2020-01-13 13:36:34,2020-01-13 13:36:34,,200000,2020-01-13 13:45:17,2020-01-13 13:45:17,2020-01-13 13:45:17,2020-01-13 13:45:17,200000,202803,2020-01-13 17:49:25,202803,1024,310000,310100,2020-01-13 18:15:33,202803,1024,0,1,202803,310000,310100,1,1,2020-01-13 20:00:00
4303564273462,2020-01-13 16:32:30,9,2020-01-13 16:32:31,2020-01-13 16:45:28,200509,310000,310100,200000,2020-01-13 18:49:40,2020-01-13 19:45:53,,200000,2020-01-13 18:49:40,2020-01-13 19:45:53,2020-01-13 19:45:53,2020-01-13 19:45:53,200000,200030,,,,,,,,,,,200030,310000,310100,0,0,
4303549599910,2020-01-13 08:25:52,2,2020-01-13 08:25:52,2020-01-13 11:08:24,200202,,,,,,,,,,,,,,,,,,,,,,,,230024,340000,340100,0,0,2020-01-14 20:00:00
4303564299236,2020-01-13 16:33:50,2,2020-01-13 16:33:50,2020-01-13 17:42:08,200202,,,,,,,,,,,,,,,,,,,,,,,,,,,0,0,2020-01-14 20:00:00
4303557783689,2020-01-13 12:56:43,9,2020-01-13 12:56:43,2020-01-13 22:28:20,200202,,,,,,,,,,,,,,,,,,,,,,,,202384,310000,310100,0,0,
4303552343589,2020-01-13 10:13:22,9,2020-01-13 10:13:22,2020-01-13 10:25:46,610200,510000,510100,610001,2020-01-13 11:57:44,2020-01-13 12:09:19,,610001,2020-01-13 11:57:44,2020-01-13 12:09:19,2020-01-13 12:09:19,2020-01-13 12:09:19,610001,610035,2020-01-13 14:46:22,610035,1020,510000,510100,2020-01-13 19:09:51,610035,1020,1,1,610035,510000,510100,0,1,2020-01-13 20:00:00
4303548920131,2020-01-13 07:29:56,2,2020-01-13 07:29:56,2020-01-13 10:36:58,201255,310000,310100,200000,2020-01-13 23:17:22,2020-01-13 23:44:08,2020-01-13 23:44:08,200000,2020-01-13 23:17:22,2020-01-13 23:44:08,,,,,,,,,,,,,,,211111,320000,320100,0,0,2020-01-14 20:00:00
4303555448167,2020-01-13 11:18:04,9,2020-01-13 11:18:05,2020-01-13 17:29:07,610200,510000,510100,610001,2020-01-13 22:17:02,2020-01-13 22:23:57,,610001,2020-01-13 22:17:02,2020-01-13 22:23:57,2020-01-13 22:23:57,2020-01-13 22:23:57,610001,610100,,,,,,,,,,,,,,0,0,2020-01-13 20:00:00
4303561262188,2020-01-13 14:49:28,2,2020-01-13 14:49:29,2020-01-13 19:41:37,300400,310000,310100,200000,2020-01-13 21:31:47,2020-01-13 21:35:58,2020-01-13 21:35:58,200000,2020-01-13 21:31:47,2020-01-13 21:35:58,,,,,,,,,,,,,,,310056,330000,330100,0,0,2020-01-14 20:00:00
4303564280690,2020-01-13 16:32:26,2,2020-01-13 16:32:26,2020-01-13 16:47:49,200509,310000,310100,200000,2020-01-13 23:27:46,2020-01-13 23:34:21,2020-01-13 23:34:21,200000,2020-01-13 23:27:46,2020-01-13 23:34:21,,,,,,,,,,,,,,,315010,330000,330200,0,0,2020-01-14 20:00:00
4303543517949,2020-01-12 16:40:32,2,2020-01-12 16:40:32,2020-01-13 16:50:11,201306,310000,310100,202491,2020-01-13 21:52:44,2020-01-13 21:53:28,2020-01-13 21:53:28,202491,2020-01-13 21:52:44,2020-01-13 21:53:28,,,,,,,,,,,,,,,,,,0,0,2020-01-13 20:00:00
4303552840456,2020-01-13 09:52:27,2,2020-01-13 09:52:28,2020-01-13 11:22:59,201247,,,,,,,,,,,,,,,,,,,,,,,,,,,0,0,2020-01-14 20:00:00
4303537824016,2020-01-12 13:32:20,2,2020-01-12 13:32:20,2020-01-12 18:41:48,300400,310000,310100,200000,2020-01-12 20:18:25,2020-01-12 20:22:24,2020-01-12 20:22:24,210000,2020-01-13 03:53:37,2020-01-13 03:58:21,2020-01-13 03:58:21,2020-01-13 03:58:21,210000,210126,2020-01-13 11:33:06,210173,2004,320000,320100,2020-01-13 13:05:38,210173,2004,1,1,210173,320000,320100,0,1,2020-01-13 20:00:00
4303564265242,2020-01-13 16:32:10,9,2020-01-13 16:32:11,2020-01-13 16:48:36,200509,310000,310100,200000,2020-01-13 18:49:53,2020-01-13 19:58:24,,200000,2020-01-13 18:49:53,2020-01-13 19:58:24,2020-01-13 19:58:24,2020-01-13 19:58:24,200000,201426,,,,,,,,,,,201426,310000,310100,0,0,
4303564442179,2020-01-13 16:38:44,9,2020-01-13 16:38:45,2020-01-13 18:29:17,300400,,,,,,,,,,,,,,,,,,,,,,,,,,,0,0,
4303552982119,2020-01-13 09:57:10,9,2020-01-13 09:57:10,2020-01-13 10:40:58,610200,510000,510100,610001,2020-01-13 11:52:29,2020-01-13 12:02:23,,610001,2020-01-13 11:52:29,2020-01-13 12:02:23,2020-01-13 12:02:23,2020-01-13 12:02:23,610001,610079,2020-01-13 13:41:46,610158,1130,510000,510100,2020-01-13 14:48:46,610158,1130,0,1,610551,510000,510100,1,1,2020-01-13 20:00:00
4303549356622,2020-01-13 08:20:37,2,2020-01-13 08:20:37,2020-01-13 22:26:48,200202,,,,,,,,,,,,,,,,,,,,,,,,210027,320000,320100,0,0,2020-01-14 20:00:00
4303556835146,2020-01-13 12:11:57,2,2020-01-13 12:11:57,2020-01-13 13:48:08,200509,310000,310100,200000,2020-01-13 23:29:14,2020-01-13 23:33:13,2020-01-13 23:33:13,200000,2020-01-13 23:29:14,2020-01-13 23:33:13,,,,,,,,,,,,,,,214045,320000,320200,0,0,2020-01-14 20:00:00
4303564197631,2020-01-13 16:30:25,9,2020-01-13 16:30:26,2020-01-13 22:26:21,200202,,,,,,,,,,,,,,,,,,,,,,,,201821,310000,310100,0,0,
4303556848200,2020-01-13 12:11:45,2,2020-01-13 12:11:46,2020-01-13 13:34:22,200509,310000,310100,200000,2020-01-13 23:53:35,2020-01-13 23:53:35,,200000,2020-01-13 23:53:35,2020-01-13 23:53:35,,,,,,,,,,,,,,,211500,320000,320100,0,0,2020-01-14 20:00:00
4303554750329,2020-01-13 13:46:08,9,2020-01-13 13:46:09,2020-01-13 17:50:55,201422,310000,310100,200000,2020-01-13 22:59:51,2020-01-13 22:59:51,,200000,2020-01-13 22:59:51,2020-01-13 22:59:51,,,,,,,,,,,,,,,,,,0,0,
4303551053004,2020-01-13 09:08:14,9,2020-01-13 09:08:15,2020-01-13 09:36:54,200509,310000,310100,202144,2020-01-13 12:04:37,2020-01-13 12:04:37,,202491,2020-01-13 14:26:32,2020-01-13 14:30:39,2020-01-13 14:30:39,2020-01-13 14:30:39,202491,201218,,,,310000,310100,2020-01-13 19:06:29,201218,1521,1,0,,,,0,1,2020-01-13 20:00:00
4303561232387,2020-01-13 14:49:25,2,2020-01-13 14:49:26,2020-01-13 18:29:27,300400,310000,310100,200000,2020-01-13 21:36:17,2020-01-13 22:03:54,2020-01-13 22:03:54,200000,2020-01-13 21:36:17,2020-01-13 22:03:54,,,,,,,,,,,,,,,210989,320000,320100,0,0,2020-01-14 20:00:00
4303558964845,2020-01-13 13:37:14,9,2020-01-13 13:37:15,2020-01-13 17:28:06,200202,,,,,,,,,,,,,,,,,,,,,,,,,,,0,0,
4303564320243,2020-01-13 16:32:48,2,2020-01-13 16:32:49,2020-01-13 16:51:02,200509,310000,310100,200000,2020-01-13 23:34:17,2020-01-13 23:36:22,2020-01-13 23:36:22,200000,2020-01-13 23:34:17,2020-01-13 23:36:22,,,,,,,,,,,,,,,797285,330000,330200,0,0,2020-01-14 20:00:00
4303560697332,2020-01-13 14:32:25,2,2020-01-13 14:32:26,2020-01-13 18:25:44,201247,310000,310100,202491,2020-01-13 19:27:20,2020-01-13 19:30:14,2020-01-13 19:30:14,202491,2020-01-13 19:27:20,2020-01-13 19:30:14,,,,,,,,,,,,,,,796379,330000,330100,0,0,2020-01-14 20:00:00
4303564318910,2020-01-13 16:32:27,2,2020-01-13 16:32:27,2020-01-13 16:44:40,200509,310000,310100,200000,2020-01-13 23:28:40,2020-01-13 23:48:56,2020-01-13 23:48:56,200000,2020-01-13 23:28:40,2020-01-13 23:48:56,,,,,,,,,,,,,,,315010,330000,330200,0,0,2020-01-14 20:00:00
4303549547596,2020-01-13 08:25:53,9,2020-01-13 08:25:53,2020-01-13 10:51:07,200202,310000,310100,202144,2020-01-13 11:55:35,2020-01-13 11:55:35,,200000,2020-01-13 11:59:35,2020-01-13 11:59:35,2020-01-13 11:59:35,2020-01-13 11:59:35,200000,200495,2020-01-13 13:45:11,200495,1049,310000,310100,2020-01-13 19:12:25,200495,1049,1,1,200495,310000,310100,0,1,2020-01-13 20:00:00
4303558996084,2020-01-13 13:37:21,9,2020-01-13 13:37:22,2020-01-13 17:23:51,200202,,,,,,,,,,,,,,,,,,,,,,,,,,,0,0,
4303564258693,2020-01-13 16:32:00,2,2020-01-13 16:32:01,2020-01-13 16:48:17,200509,310000,310100,200000,2020-01-13 23:29:23,2020-01-13 23:33:19,2020-01-13 23:33:19,200000,2020-01-13 23:29:23,2020-01-13 23:33:19,,,,,,,,,,,,,,,214146,320000,320200,0,0,2020-01-14 20:00:00
4303556854912,2020-01-13 12:11:42,2,2020-01-13 12:11:43,2020-01-13 13:48:09,200509,310000,310100,200000,2020-01-13 23:27:35,2020-01-13 23:41:32,2020-01-13 23:41:32,200000,2020-01-13 23:27:35,2020-01-13 23:41:32,,,,,,,,,,,,,,,211806,320000,320100,0,0,2020-01-14 20:00:00
4303558450935,2020-01-13 13:18:59,2,2020-01-13 13:19:00,2020-01-13 17:32:26,201255,,,,,,,,,,,,,,,,,,,,,,,,210851,320000,320100,0,0,2020-01-14 20:00:00
4303552910127,2020-01-13 09:54:39,9,2020-01-13 09:54:39,2020-01-13 10:33:47,200202,310000,310100,202144,2020-01-13 11:54:34,2020-01-13 11:54:34,,200000,2020-01-13 12:01:05,2020-01-13 12:01:05,2020-01-13 12:01:05,2020-01-13 12:01:05,200000,201723,2020-01-13 16:07:52,201723,8126,310000,310100,2020-01-13 16:52:38,201723,8126,0,1,,,,0,1,2020-01-13 20:00:00
4303553378581,2020-01-13 10:14:46,9,2020-01-13 10:14:47,2020-01-13 10:45:09,610200,510000,510100,610001,2020-01-13 11:57:59,2020-01-13 12:10:58,,610001,2020-01-13 11:57:59,2020-01-13 12:10:58,2020-01-13 12:10:58,2020-01-13 12:10:58,610001,610019,2020-01-13 14:55:15,584704,1212,510000,510100,2020-01-13 16:20:47,584704,1212,1,1,584704,510000,510100,0,1,2020-01-13 20:00:00
4303535184448,2020-01-12 11:53:01,9,2020-01-12 11:53:02,2020-01-12 18:18:35,610200,510000,510100,610001,2020-01-12 21:35:29,2020-01-12 22:02:27,,610001,2020-01-12 21:35:29,2020-01-12 22:02:27,2020-01-12 22:02:27,2020-01-12 22:02:27,610001,610021,2020-01-13 08:58:09,610021,1113,510000,510100,2020-01-13 10:44:26,610021,1113,0,1,584327,510000,510100,1,0,
4303556870014,2020-01-13 12:12:20,9,2020-01-13 12:12:20,2020-01-13 13:48:05,200509,310000,310100,200000,2020-01-13 18:47:04,2020-01-13 18:58:12,,200000,2020-01-13 18:47:04,2020-01-13 18:58:12,2020-01-13 18:58:12,2020-01-13 18:58:12,200000,201505,,,,,,,,,,,200659,310000,310100,0,0,
4303548919989,2020-01-13 07:29:06,9,2020-01-13 07:29:07,2020-01-13 10:36:50,201255,310000,310100,202144,2020-01-13 12:40:28,2020-01-13 12:40:28,,202491,2020-01-13 15:28:18,2020-01-13 15:32:55,2020-01-13 15:32:55,2020-01-13 15:32:55,202491,201058,2020-01-13 18:26:04,201058,1011,310000,310100,2020-01-13 20:55:57,201058,1011,1,1,201058,310000,310100,0,0,2020-01-13 20:00:00
4303564897586,2020-01-13 17:58:10,9,2020-01-13 17:58:11,2020-01-13 19:17:42,200960,310000,310100,200000,2020-01-13 23:44:37,2020-01-13 23:44:37,,200000,2020-01-13 23:44:37,2020-01-13 23:44:37,,,,,,,,,,,,,,,,,,0,0,2020-01-14 20:00:00
4303552955333,2020-01-13 09:57:59,9,2020-01-13 09:57:59,2020-01-13 10:33:41,610200,510000,510100,610001,2020-01-13 11:50:58,2020-01-13 11:52:36,,610001,2020-01-13 11:50:58,2020-01-13 11:52:36,2020-01-13 11:52:36,2020-01-13 11:52:36,610001,610300,2020-01-13 14:11:09,610300,5213,510000,510100,2020-01-13 15:42:21,610300,5213,0,1,610300,510000,510100,0,1,2020-01-13 20:00:00
4303537335844,2020-01-12 14:10:26,2,2020-01-12 14:10:27,2020-01-12 18:05:23,200191,310000,310100,200000,2020-01-12 21:13:01,2020-01-12 21:14:28,2020-01-12 21:14:28,230001,2020-01-13 06:19:26,2020-01-13 06:37:57,2020-01-13 06:37:57,2020-01-13 06:37:57,230001,230010,2020-01-13 12:36:37,230010,3315,340000,340100,2020-01-13 14:05:51,230010,3315,0,1,230010,340000,340100,0,1,2020-01-13 20:00:00
4303562958033,2020-01-13 16:04:02,9,2020-01-13 16:04:03,2020-01-13 17:52:26,201422,310000,310100,200000,2020-01-13 22:59:24,2020-01-13 23:14:57,,200000,2020-01-13 22:59:24,2020-01-13 23:14:57,2020-01-13 23:14:57,2020-01-13 23:14:57,200000,201129,,,,,,,,,,,201129,310000,310100,0,0,
4303543310093,2020-01-12 16:32:41,9,2020-01-12 16:32:42,2020-01-12 17:03:00,200509,310000,310100,200000,2020-01-12 18:40:52,2020-01-12 18:47:00,2020-01-12 18:47:00,202491,2020-01-12 21:34:01,2020-01-12 21:38:27,2020-01-12 21:38:27,2020-01-12 21:38:27,202491,201314,2020-01-13 08:26:14,201314,9609,310000,310100,2020-01-13 10:50:37,201314,9609,1,1,201314,310000,310100,1,0,
4303562387423,2020-01-13 15:28:05,9,2020-01-13 15:28:05,2020-01-13 16:19:22,200966,310000,310100,200000,2020-01-13 23:36:56,2020-01-13 23:38:02,2020-01-13 23:38:02,200000,2020-01-13 23:36:56,2020-01-13 23:38:02,,,,,,,,,,,,,,,201508,310000,310100,0,0,
4303544244810,2020-01-12 17:11:08,9,2020-01-12 17:11:09,2020-01-12 20:33:26,200202,310000,310100,200000,2020-01-13 01:46:28,2020-01-13 02:00:52,,200000,2020-01-13 01:46:28,2020-01-13 02:00:52,2020-01-13 02:00:52,2020-01-13 02:00:52,200000,202845,2020-01-13 08:25:10,202845,1136,310000,310100,2020-01-13 10:48:21,202845,1136,1,1,202845,310000,310100,0,1,2020-01-13 20:00:00
4303556834758,2020-01-13 12:11:44,2,2020-01-13 12:11:45,2020-01-13 13:34:23,200509,310000,310100,200000,2020-01-13 23:28:37,2020-01-13 23:32:13,2020-01-13 23:32:13,200000,2020-01-13 23:28:37,2020-01-13 23:32:13,,,,,,,,,,,,,,,310634,330000,330100,0,0,2020-01-14 20:00:00
4303554659873,2020-01-13 11:11:21,9,2020-01-13 11:11:22,2020-01-13 17:55:36,201422,310000,310100,200000,2020-01-13 23:00:28,2020-01-13 23:00:28,,200000,2020-01-13 23:00:28,2020-01-13 23:00:28,,,,,,,,,,,,,,,201305,310000,310100,0,0,2020-01-13 20:00:00
4303553349567,2020-01-13 10:16:53,9,2020-01-13 10:16:54,2020-01-13 10:40:42,610200,510000,510100,610001,2020-01-13 11:52:23,2020-01-13 12:02:56,,610001,2020-01-13 11:52:23,2020-01-13 12:02:56,2020-01-13 12:02:56,2020-01-13 12:02:56,610001,610118,2020-01-13 17:35:48,610118,8026,510000,510100,2020-01-13 17:35:50,610118,8026,1,1,610118,510000,510100,0,1,2020-01-13 20:00:00
4303567204061,2020-01-13 19:59:19,9,2020-01-13 19:59:20,2020-01-13 20:13:12,610100,,,,,,,,,,,,,,,,,,,,,,,,610017,510000,510100,0,0,2020-01-14 20:00:00
4303555601949,2020-01-13 12:08:40,2,2020-01-13 12:08:41,2020-01-13 17:28:56,610200,510000,510100,610001,2020-01-13 20:54:27,2020-01-13 20:56:38,2020-01-13 20:56:38,610001,2020-01-13 20:54:27,2020-01-13 20:56:38,,,,,,,,,,,,,,,,,,0,0,2020-01-14 20:00:00
4303564326949,2020-01-13 16:32:45,9,2020-01-13 16:32:46,2020-01-13 16:46:38,200509,310000,310100,200000,2020-01-13 18:48:43,2020-01-13 18:52:41,,200000,2020-01-13 18:48:43,2020-01-13 18:52:41,2020-01-13 18:52:41,2020-01-13 18:52:41,200000,200261,,,,,,,,,,,200261,310000,310100,0,0,
4303549629805,2020-01-13 08:25:53,9,2020-01-13 08:25:53,2020-01-13 10:56:58,200202,310000,310100,202144,2020-01-13 11:53:53,2020-01-13 11:53:53,,200000,2020-01-13 12:00:40,2020-01-13 12:00:40,2020-01-13 12:00:40,2020-01-13 12:00:40,200000,201723,2020-01-13 15:01:50,201723,8301,310000,310100,2020-01-13 19:07:33,201723,8301,1,1,201723,310000,310100,0,1,2020-01-13 20:00:00
4303549356700,2020-01-13 08:17:48,9,2020-01-13 08:17:49,2020-01-13 11:03:46,200202,310000,310100,202144,2020-01-13 11:56:10,2020-01-13 11:56:10,,200000,2020-01-13 12:03:42,2020-01-13 12:03:42,2020-01-13 12:03:42,2020-01-13 12:03:42,200000,201598,2020-01-13 15:06:04,201598,1015,310000,310100,2020-01-13 15:58:49,201598,1015,1,1,201598,310000,310100,1,1,2020-01-13 20:00:00
4303547322197,2020-01-12 22:14:08,9,2020-01-12 22:14:08,2020-01-13 10:42:58,201912,310000,310100,202144,2020-01-13 12:10:54,2020-01-13 12:10:54,,200000,2020-01-13 12:17:19,2020-01-13 12:17:19,2020-01-13 12:17:19,2020-01-13 12:17:19,200000,201723,2020-01-13 14:47:32,201723,9010,310000,310100,2020-01-13 15:44:51,201723,9010,0,1,201723,310000,310100,0,1,2020-01-13 20:00:00
4303556835725,2020-01-13 12:12:13,2,2020-01-13 12:12:14,2020-01-13 13:33:50,200509,310000,310100,200000,2020-01-13 23:43:51,2020-01-13 23:47:49,2020-01-13 23:47:49,200000,2020-01-13 23:43:51,2020-01-13 23:47:49,,,,,,,,,,,,,,,214013,320000,320200,0,0,2020-01-14 20:00:00
4303549405545,2020-01-13 08:19:55,9,2020-01-13 08:19:56,2020-01-13 10:23:53,201917,310000,310100,202144,2020-01-13 12:08:53,2020-01-13 12:08:53,,200000,2020-01-13 12:14:23,2020-01-13 12:14:23,2020-01-13 12:14:23,2020-01-13 12:14:23,200000,201145,2020-01-13 17:24:14,201145,3042,310000,310100,2020-01-13 19:08:21,201145,3042,1,1,201145,310000,310100,0,1,2020-01-13 20:00:00
4303565517471,2020-01-13 17:21:33,9,2020-01-13 17:21:33,2020-01-13 19:47:40,201151,310000,310100,200000,2020-01-13 22:28:33,2020-01-13 22:47:09,,200000,2020-01-13 22:28:33,2020-01-13 22:47:09,2020-01-13 22:47:09,2020-01-13 22:47:09,200000,201207,,,,,,,,,,,201255,310000,310100,0,0,2020-01-14 20:00:00
4303564295381,2020-01-13 16:32:28,2,2020-01-13 16:32:28,2020-01-13 16:44:51,200509,310000,310100,200000,2020-01-13 23:31:04,2020-01-13 23:33:22,2020-01-13 23:33:22,200000,2020-01-13 23:31:04,2020-01-13 23:33:22,,,,,,,,,,,,,,,230062,340000,340100,0,0,2020-01-14 20:00:00
4303564273698,2020-01-13 16:32:34,2,2020-01-13 16:32:34,2020-01-13 16:48:12,200509,310000,310100,200000,2020-01-13 23:29:55,2020-01-13 23:32:11,2020-01-13 23:32:11,200000,2020-01-13 23:29:55,2020-01-13 23:32:11,,,,,,,,,,,,,,,231200,340000,340100,0,0,2020-01-14 20:00:00
4303558221827,2020-01-13 16:34:30,9,2020-01-13 16:34:31,2020-01-13 17:59:48,200191,,,,,,,,,,,,,,,,,,,,,,,,202786,310000,310100,0,0,
4303551095019,2020-01-13 09:07:57,9,2020-01-13 09:07:58,2020-01-13 09:37:54,200509,310000,310100,202144,2020-01-13 12:04:26,2020-01-13 12:04:26,,200000,2020-01-13 12:06:56,2020-01-13 12:06:56,2020-01-13 12:06:56,2020-01-13 12:06:56,200000,201114,2020-01-13 16:24:38,201114,1215,310000,310100,2020-01-13 18:37:56,201114,1215,0,1,,,,0,1,2020-01-13 20:00:00
4303564267725,2020-01-13 16:32:59,9,2020-01-13 16:33:00,2020-01-13 16:48:05,200509,310000,310100,200000,2020-01-13 18:47:18,2020-01-13 19:00:59,,200000,2020-01-13 18:47:18,2020-01-13 19:00:59,2020-01-13 19:00:59,2020-01-13 19:00:59,200000,200315,,,,,,,,,,,200315,310000,310100,0,0,
4303555469163,2020-01-13 12:09:09,9,2020-01-13 12:09:10,2020-01-13 17:29:22,610200,510000,510100,610001,2020-01-13 22:18:05,2020-01-13 22:55:16,,610001,2020-01-13 22:18:05,2020-01-13 22:55:16,2020-01-13 22:55:16,2020-01-13 22:55:16,610001,610222,,,,,,,,,,,,,,0,0,
4303552249383,2020-01-13 09:37:08,9,2020-01-13 09:37:09,2020-01-13 10:09:55,200966,310000,310100,202144,2020-01-13 11:49:32,2020-01-13 11:49:32,,200000,2020-01-13 12:24:04,2020-01-13 12:24:04,2020-01-13 12:24:04,2020-01-13 12:24:04,200000,200492,2020-01-13 18:50:09,200492,6190,310000,310100,2020-01-13 18:53:38,200492,6190,1,1,200492,310000,310100,0,1,2020-01-13 20:00:00
4303549862285,2020-01-13 08:34:06,2,2020-01-13 08:34:07,2020-01-13 10:09:28,200966,310000,310100,200000,2020-01-13 21:25:32,2020-01-13 21:27:33,2020-01-13 21:27:33,200000,2020-01-13 21:25:32,2020-01-13 21:27:33,,,,,,,,,,,,,,,315033,330000,330200,0,0,2020-01-14 20:00:00
4303564860909,2020-01-13 17:50:25,9,2020-01-13 17:50:26,2020-01-13 19:08:48,200960,310000,310100,200000,2020-01-13 23:51:50,2020-01-13 23:51:50,,200000,2020-01-13 23:51:50,2020-01-13 23:51:50,,,,,,,,,,,,,,,,,,0,0,2020-01-14 20:00:00
4303552290822,2020-01-13 10:07:20,9,2020-01-13 10:07:21,2020-01-13 10:33:25,610200,510000,510100,610001,2020-01-13 11:58:05,2020-01-13 12:03:44,,610001,2020-01-13 11:58:05,2020-01-13 12:03:44,2020-01-13 12:03:44,2020-01-13 12:03:44,610001,610117,2020-01-13 14:40:40,610117,1218,510000,510100,2020-01-13 16:55:27,610117,1218,0,1,610117,510000,510100,0,1,2020-01-13 20:00:00
4303562634955,2020-01-13 15:36:21,2,2020-01-13 15:36:21,2020-01-13 18:27:16,300400,310000,310100,200000,2020-01-13 21:35:08,2020-01-13 21:51:51,,200000,2020-01-13 21:35:08,2020-01-13 21:51:51,,,,,,,,,,,,,,,312001,330000,330600,0,0,2020-01-14 20:00:00
4303549296105,2020-01-13 08:13:33,2,2020-01-13 08:13:34,2020-01-13 11:00:31,200202,,,,,,,,,,,,,,,,,,,,,,,,214137,320000,320200,0,0,2020-01-14 20:00:00
4303563333760,2020-01-13 15:59:25,9,2020-01-13 15:59:26,2020-01-13 18:25:50,201247,310000,310100,202491,2020-01-13 20:11:35,2020-01-13 20:13:48,2020-01-13 20:13:48,202491,2020-01-13 20:11:35,2020-01-13 20:13:48,,,,,,,,,,,,,,,201917,310000,310100,0,0,
4303549569563,2020-01-13 08:25:52,9,2020-01-13 08:25:52,2020-01-13 11:06:16,200202,310000,310100,202144,2020-01-13 11:56:14,2020-01-13 11:56:14,,200000,2020-01-13 11:59:00,2020-01-13 11:59:00,2020-01-13 11:59:00,2020-01-13 11:59:00,200000,201114,2020-01-13 14:48:26,201114,2046,310000,310100,2020-01-13 16:45:59,201114,2046,0,1,201114,310000,310100,0,1,2020-01-13 20:00:00
4303543716406,2020-01-12 19:52:45,9,2020-01-12 19:52:46,2020-01-13 19:32:06,200960,310000,310100,200000,2020-01-13 22:35:21,2020-01-13 22:41:09,,200000,2020-01-13 22:35:21,2020-01-13 22:41:09,2020-01-13 22:41:09,2020-01-13 22:41:09,200000,201904,,,,,,,,,,,,,,0,0,2020-01-13 20:00:00
4303559037583,2020-01-13 13:37:14,9,2020-01-13 13:37:15,2020-01-13 17:29:22,200202,,,,,,,,,,,,,,,,,,,,,,,,,,,0,0,
4303549974976,2020-01-13 08:41:09,2,2020-01-13 08:41:10,2020-01-13 11:32:03,202947,310000,310100,202491,2020-01-13 20:09:59,2020-01-13 20:11:40,2020-01-13 20:11:40,202491,2020-01-13 20:09:59,2020-01-13 20:11:40,,,,,,,,,,,,,,,211210,320000,320100,0,0,2020-01-14 20:00:00
4303558995259,2020-01-13 13:37:15,2,2020-01-13 13:37:16,2020-01-13 17:29:01,200202,,,,,,,,,,,,,,,,,,,,,,,,,,,0,0,2020-01-14 20:00:00
4303549599760,2020-01-13 08:25:50,2,2020-01-13 08:25:50,2020-01-13 10:52:24,200202,,,,,,,,,,,,,,,,,,,,,,,,310803,330000,330100,0,0,2020-01-14 20:00:00
4303549448929,2020-01-13 08:19:31,9,2020-01-13 08:19:32,2020-01-13 10:50:24,200202,310000,310100,202144,2020-01-13 11:53:51,2020-01-13 11:53:51,,200000,2020-01-13 12:13:16,2020-01-13 12:13:16,2020-01-13 12:13:16,2020-01-13 12:13:16,200000,200837,2020-01-13 15:27:29,200837,3102,310000,310100,2020-01-13 17:19:52,200837,3102,1,1,200837,310000,310100,0,1,2020-01-13 20:00:00
4303563993941,2020-01-13 16:22:40,9,2020-01-13 16:22:40,2020-01-13 17:26:51,200202,,,,,,,,,,,,,,,,,,,,,,,,201912,310000,310100,0,0,
4303549496130,2020-01-13 08:24:01,9,2020-01-13 08:24:02,2020-01-13 10:56:13,200202,310000,310100,202144,2020-01-13 11:53:47,2020-01-13 11:53:47,,200000,2020-01-13 11:57:00,2020-01-13 11:57:00,2020-01-13 11:57:00,2020-01-13 11:57:00,200000,200540,2020-01-13 18:23:09,200540,8053,310000,310100,2020-01-13 18:25:55,200540,8053,1,0,200540,310000,310100,1,1,2020-01-13 20:00:00
4303528601014,2020-01-12 08:12:59,9,2020-01-12 08:12:59,2020-01-12 11:41:52,200202,310000,310100,202144,2020-01-12 12:35:39,2020-01-12 12:35:39,,200000,2020-01-12 12:43:50,2020-01-12 12:43:50,2020-01-12 12:43:50,2020-01-12 12:43:50,200000,200580,2020-01-12 14:32:25,200580,1317,310000,310100,2020-01-12 15:46:02,200580,1317,0,1,200580,310000,310100,0,1,2020-01-12 20:00:00
4303556869963,2020-01-13 12:12:18,9,2020-01-13 12:12:19,2020-01-13 13:33:43,200509,310000,310100,200000,2020-01-13 18:48:00,2020-01-13 18:51:46,,200000,2020-01-13 18:48:00,2020-01-13 18:51:46,2020-01-13 18:51:46,2020-01-13 18:51:46,200000,200261,,,,,,,,,,,200261,310000,310100,0,0,
4303548995568,2020-01-13 07:50:48,9,2020-01-13 07:50:49,2020-01-13 12:45:58,200230,310000,310100,202144,2020-01-13 13:36:39,2020-01-13 13:36:39,,200000,2020-01-13 13:42:22,2020-01-13 13:42:22,2020-01-13 13:42:22,2020-01-13 13:42:22,200000,201912,,,,,,,,,,,201912,310000,310100,0,0,2020-01-13 20:00:00
4303549001258,2020-01-13 07:48:05,9,2020-01-13 07:48:06,2020-01-13 12:45:39,200230,310000,310100,202144,2020-01-13 13:36:49,2020-01-13 13:36:49,,200000,2020-01-13 13:50:20,2020-01-13 13:50:20,2020-01-13 13:50:20,2020-01-13 13:50:20,200000,200040,2020-01-13 17:24:39,200040,3030,310000,310100,2020-01-13 17:58:26,200040,3030,1,1,200040,310000,310100,1,1,2020-01-13 20:00:00
4303549801852,2020-01-13 08:34:10,2,2020-01-13 08:34:11,2020-01-13 10:09:42,200966,310000,310100,200000,2020-01-13 21:25:25,2020-01-13 21:27:41,2020-01-13 21:27:41,200000,2020-01-13 21:25:25,2020-01-13 21:27:41,,,,,,,,,,,,,,,230108,340000,340100,0,0,2020-01-14 20:00:00
4303543766150,2020-01-12 22:26:34,9,2020-01-12 22:26:35,2020-01-13 19:17:51,200960,310000,310100,200000,2020-01-13 23:44:03,2020-01-13 23:44:03,,200000,2020-01-13 23:44:03,2020-01-13 23:44:03,,,,,,,,,,,,,,,,,,0,0,2020-01-13 20:00:00
4303564391150,2020-01-13 16:47:50,9,2020-01-13 16:47:51,2020-01-13 17:49:25,201422,310000,310100,200000,2020-01-13 22:59:45,2020-01-13 22:59:45,,200000,2020-01-13 22:59:45,2020-01-13 22:59:45,,,,,,,,,,,,,,,201218,310000,310100,0,0,
4303549356277,2020-01-13 08:20:34,2,2020-01-13 08:20:34,2020-01-13 22:27:34,200202,,,,,,,,,,,,,,,,,,,,,,,,210114,320000,320100,0,0,2020-01-14 20:00:00
4303548709207,2020-01-13 04:21:12,9,2020-01-13 04:21:12,2020-01-13 10:43:25,201912,310000,310100,202144,2020-01-13 12:11:15,2020-01-13 12:11:15,,200000,2020-01-13 12:15:45,2020-01-13 12:15:45,2020-01-13 12:15:45,2020-01-13 12:15:45,200000,202319,2020-01-13 15:17:59,202319,8022,310000,310100,2020-01-13 15:21:36,202319,8022,0,1,202319,310000,310100,0,1,2020-01-13 20:00:00
4303549468572,2020-01-13 08:23:59,2,2020-01-13 08:23:59,2020-01-13 10:58:06,200202,,,,,,,,,,,,,,,,,,,,,,,,210173,320000,320100,0,0,2020-01-14 20:00:00
4303558221842,2020-01-13 14:37:50,9,2020-01-13 14:37:50,2020-01-13 18:00:54,200191,,,,,,,,,,,,,,,,,,,,,,,,201901,310000,310100,0,0,
4303564140115,2020-01-13 16:30:21,9,2020-01-13 16:30:22,2020-01-13 22:27:09,200202,,,,,,,,,,,,,,,,,,,,,,,,200146,310000,310100,0,0,
4303549494587,2020-01-13 08:20:26,9,2020-01-13 08:20:27,2020-01-13 10:22:50,201917,310000,310100,202144,2020-01-13 12:08:57,2020-01-13 12:08:57,,200000,2020-01-13 12:19:01,2020-01-13 12:19:01,2020-01-13 12:19:01,2020-01-13 12:19:01,200000,200960,2020-01-13 17:54:45,200960,8029,310000,310100,2020-01-13 19:01:19,200960,8029,1,1,200960,310000,310100,0,1,2020-01-13 20:00:00
4303549561819,2020-01-13 08:25:54,9,2020-01-13 08:25:54,2020-01-13 11:03:52,200202,310000,310100,202144,2020-01-13 11:56:30,2020-01-13 11:56:30,,200000,2020-01-13 12:09:10,2020-01-13 12:09:10,2020-01-13 12:09:10,2020-01-13 12:09:10,200000,201169,2020-01-13 14:51:55,799297,2001,310000,310100,2020-01-13 15:46:19,799297,2001,1,1,799297,310000,310100,1,1,2020-01-13 20:00:00
4303549405612,2020-01-13 08:27:23,9,2020-01-13 08:27:23,2020-01-13 10:17:23,610200,510000,510100,610001,2020-01-13 11:58:22,2020-01-13 12:01:01,,610001,2020-01-13 11:58:22,2020-01-13 12:01:01,2020-01-13 12:01:01,2020-01-13 12:01:01,610001,610300,2020-01-13 14:43:37,610300,2704,510000,510100,2020-01-13 15:21:22,610300,2704,1,1,610300,510000,510100,1,1,2020-01-13 20:00:00
4303549365951,2020-01-13 09:59:11,2,2020-01-13 09:59:12,2020-01-13 10:19:20,610200,510000,510100,610001,2020-01-13 21:18:53,2020-01-13 21:28:07,,610001,2020-01-13 21:18:53,2020-01-13 21:28:07,,,,,,,,,,,,,,,400062,500000,500100,0,0,2020-01-14 20:00:00
4303558187784,2020-01-13 16:34:30,2,2020-01-13 16:34:31,2020-01-13 17:57:08,200191,310000,310100,200000,2020-01-13 21:50:54,2020-01-13 21:53:47,2020-01-13 21:53:47,200000,2020-01-13 21:50:54,2020-01-13 21:53:47,,,,,,,,,,,,,,,315820,330000,330200,0,0,2020-01-14 20:00:00
4303549486769,2020-01-13 08:20:24,9,2020-01-13 08:20:25,2020-01-13 10:23:48,201917,310000,310100,202144,2020-01-13 12:08:23,2020-01-13 12:08:23,,200000,2020-01-13 12:16:35,2020-01-13 12:16:35,2020-01-13 12:16:35,2020-01-13 12:16:35,200000,200036,2020-01-13 14:42:23,200036,3035,310000,310100,2020-01-13 19:15:45,200036,3035,1,1,200036,310000,310100,1,1,2020-01-13 20:00:00
4303530978148,2020-01-12 09:29:08,9,2020-01-12 09:29:09,2020-01-12 10:17:06,610200,510000,510100,610001,2020-01-12 11:41:21,2020-01-12 11:49:32,,610001,2020-01-12 11:41:21,2020-01-12 11:49:32,2020-01-12 11:49:32,2020-01-12 11:49:32,610001,610700,2020-01-12 14:48:29,610700,2010,510000,510100,2020-01-12 16:14:51,610700,2010,1,1,610700,510000,510100,1,1,2020-01-12 20:00:00
4303551721527,2020-01-13 09:26:49,9,2020-01-13 09:26:49,2020-01-13 10:19:08,610200,510000,510100,610001,2020-01-13 11:59:24,2020-01-13 12:08:23,,610001,2020-01-13 11:59:24,2020-01-13 12:08:23,2020-01-13 12:08:23,2020-01-13 12:08:23,610001,610009,2020-01-13 16:13:52,610009,3010,510000,510100,2020-01-13 17:01:10,610009,3010,1,1,610009,510000,510100,1,1,2020-01-13 20:00:00
4303549370885,2020-01-13 08:17:53,9,2020-01-13 08:17:53,2020-01-13 11:04:44,200202,310000,310100,202144,2020-01-13 11:53:33,2020-01-13 11:53:33,,200000,2020-01-13 11:57:08,2020-01-13 11:57:08,2020-01-13 11:57:08,2020-01-13 11:57:08,200000,201678,2020-01-13 15:34:33,201678,8021,310000,310100,2020-01-13 19:16:37,201678,8021,1,1,201678,310000,310100,0,1,2020-01-13 20:00:00
4303556862060,2020-01-13 12:12:03,2,2020-01-13 12:12:04,2020-01-13 13:34:00,200509,310000,310100,200000,2020-01-13 23:27:51,2020-01-13 23:30:08,2020-01-13 23:30:08,200000,2020-01-13 23:27:51,2020-01-13 23:30:08,,,,,,,,,,,,,,,230178,340000,340100,0,0,2020-01-14 20:00:00
4303558201361,2020-01-13 14:58:58,9,2020-01-13 14:58:59,2020-01-13 17:57:45,200191,,,,,,,,,,,,,,,,,,,,,,,,200228,310000,310100,0,0,
4303564182564,2020-01-13 16:30:24,2,2020-01-13 16:30:24,2020-01-13 22:27:02,200202,,,,,,,,,,,,,,,,,,,,,,,,211803,320000,320100,0,0,2020-01-14 20:00:00
4303549384650,2020-01-13 08:17:49,9,2020-01-13 08:17:49,2020-01-13 10:57:34,200202,310000,310100,202144,2020-01-13 11:55:05,2020-01-13 11:55:05,,200000,2020-01-13 12:08:15,2020-01-13 12:08:15,2020-01-13 12:08:15,2020-01-13 12:08:15,200000,201803,2020-01-13 15:36:04,201803,1304,310000,310100,2020-01-13 13:38:44,201803,1212,1,0,201803,310000,310100,0,1,2020-01-13 20:00:00
4303549832152,2020-01-13 08:34:05,2,2020-01-13 08:34:06,2020-01-13 10:09:19,200966,310000,310100,200000,2020-01-13 21:25:30,2020-01-13 21:29:02,2020-01-13 21:29:02,200000,2020-01-13 21:25:30,2020-01-13 21:29:02,,,,,,,,,,,,,,,310567,330000,330100,0,0,2020-01-14 20:00:00
4303549413766,2020-01-13 08:17:49,2,2020-01-13 08:17:49,2020-01-13 10:55:41,200202,,,,,,,,,,,,,,,,,,,,,,,,214159,320000,320200,0,0,2020-01-14 20:00:00
4303564259818,2020-01-13 16:32:28,9,2020-01-13 16:32:29,2020-01-13 16:44:51,200509,310000,310100,200000,2020-01-13 18:48:57,2020-01-13 19:22:56,2020-01-13 19:22:56,202491,2020-01-13 21:30:12,2020-01-13 21:40:15,2020-01-13 21:40:15,2020-01-13 21:40:15,202491,202699,,,,,,,,,,,202699,310000,310100,0,0,
4303549325460,2020-01-13 08:20:33,9,2020-01-13 08:20:34,2020-01-13 10:33:28,200202,310000,310100,202144,2020-01-13 11:56:16,2020-01-13 11:56:16,,200000,2020-01-13 12:00:06,2020-01-13 12:00:06,2020-01-13 12:00:06,2020-01-13 12:00:06,200000,201145,2020-01-13 14:02:37,201145,3022,310000,310100,2020-01-13 17:00:27,201145,3022,1,1,201145,310000,310100,0,1,2020-01-13 20:00:00
4303551044574,2020-01-13 09:07:58,9,2020-01-13 09:07:59,2020-01-13 09:38:08,200509,310000,310100,202144,2020-01-13 12:06:59,2020-01-13 12:06:59,,200000,2020-01-13 12:10:37,2020-01-13 12:10:37,2020-01-13 12:10:37,2020-01-13 12:10:37,200000,201603,2020-01-13 17:06:24,201603,1017,310000,310100,2020-01-13 18:33:04,201603,1017,0,1,,,,0,1,2020-01-13 20:00:00
4303549451826,2020-01-13 08:19:55,9,2020-01-13 08:19:56,2020-01-13 10:22:25,201917,310000,310100,202144,2020-01-13 12:09:01,2020-01-13 12:09:01,,200000,2020-01-13 12:20:04,2020-01-13 12:20:04,2020-01-13 12:20:04,2020-01-13 12:20:04,200000,201912,2020-01-13 14:51:33,201912,5674,310000,310100,2020-01-13 17:59:37,201912,5674,1,1,201912,310000,310100,0,1,2020-01-13 20:00:00
4303549495943,2020-01-13 08:23:58,9,2020-01-13 08:23:59,2020-01-13 17:25:30,200202,,,,,,,,,,,,,,,,,,,,,,,,201151,310000,310100,0,0,2020-01-13 20:00:00
4303564271802,2020-01-13 16:31:50,9,2020-01-13 16:31:51,2020-01-13 16:45:01,200509,310000,310100,200000,2020-01-13 18:49:02,2020-01-13 18:57:03,,200000,2020-01-13 18:49:02,2020-01-13 18:57:03,2020-01-13 18:57:03,2020-01-13 18:57:03,200000,201204,,,,,,,,,,,201204,310000,310100,0,0,
4303549370263,2020-01-13 08:20:34,9,2020-01-13 08:20:35,2020-01-13 10:36:07,200202,310000,310100,202144,2020-01-13 11:56:55,2020-01-13 11:56:55,,200000,2020-01-13 12:02:58,2020-01-13 12:02:58,2020-01-13 12:02:58,2020-01-13 12:02:58,200000,201822,2020-01-13 14:50:37,201822,1020,310000,310100,2020-01-13 16:45:26,201822,1020,1,1,201822,310000,310100,1,1,2020-01-13 20:00:00
4303558221836,2020-01-13 16:44:16,2,2020-01-13 16:44:17,2020-01-13 17:57:16,200191,310000,310100,200000,2020-01-13 21:56:23,2020-01-13 21:59:48,2020-01-13 21:59:48,200000,2020-01-13 21:56:23,2020-01-13 21:59:48,,,,,,,,,,,,,,,211103,320000,320100,0,0,2020-01-14 20:00:00
4303558214005,2020-01-13 16:34:33,9,2020-01-13 16:34:34,2020-01-13 17:58:32,200191,,,,,,,,,,,,,,,,,,,,,,,,202699,310000,310100,0,0,
4303557747233,2020-01-13 12:56:43,9,2020-01-13 12:56:44,2020-01-13 22:26:37,200202,,,,,,,,,,,,,,,,,,,,,,,,200040,310000,310100,0,0,
4303548942607,2020-01-13 07:29:07,9,2020-01-13 07:29:07,2020-01-13 10:35:58,201255,310000,310100,202144,2020-01-13 12:41:02,2020-01-13 12:41:02,,202491,2020-01-13 15:27:52,2020-01-13 15:33:38,2020-01-13 15:33:38,2020-01-13 15:33:38,202491,101869,2020-01-13 19:19:32,101869,1081,310000,310100,2020-01-13 19:20:30,101869,1081,1,1,101869,310000,310100,0,1,2020-01-13 20:00:00
4303564274110,2020-01-13 16:32:42,2,2020-01-13 16:32:43,2020-01-13 16:46:19,200509,310000,310100,200000,2020-01-13 23:44:51,2020-01-13 23:51:25,2020-01-13 23:51:25,200000,2020-01-13 23:44:51,2020-01-13 23:51:25,,,,,,,,,,,,,,,587792,320000,320100,0,0,2020-01-14 20:00:00
4303558213968,2020-01-13 16:34:30,9,2020-01-13 16:34:30,2020-01-13 18:00:42,200191,,,,,,,,,,,,,,,,,,,,,,,,202368,310000,310100,0,0,
4303561232865,2020-01-13 14:49:31,9,2020-01-13 14:49:31,2020-01-13 19:40:10,300400,310000,310100,200000,2020-01-13 21:30:16,2020-01-13 22:32:55,,200000,2020-01-13 21:30:16,2020-01-13 22:32:55,2020-01-13 22:32:55,2020-01-13 22:32:55,200000,200310,,,,,,,,,,,200310,310000,310100,0,0,
4303564264774,2020-01-13 16:31:59,9,2020-01-13 16:32:00,2020-01-13 16:48:38,200509,310000,310100,200000,2020-01-13 18:49:34,2020-01-13 19:05:58,,200000,2020-01-13 18:49:34,2020-01-13 19:05:58,2020-01-13 19:05:58,2020-01-13 19:05:58,200000,201886,2020-01-13 21:42:08,201886,6011,310000,310100,2020-01-13 21:51:11,201886,6011,1,0,201886,310000,310100,0,0,
4303564266498,2020-01-13 16:32:37,2,2020-01-13 16:32:37,2020-01-13 16:45:30,200509,310000,310100,200000,2020-01-13 23:27:31,2020-01-13 23:27:31,,200000,2020-01-13 23:27:31,2020-01-13 23:27:31,,,,,,,,,,,,,,,312000,330000,330600,0,0,2020-01-14 20:00:00
4303558531560,2020-01-13 15:14:35,9,2020-01-13 15:14:36,2020-01-13 17:52:19,201422,310000,310100,200000,2020-01-13 23:00:44,2020-01-13 23:24:28,,200000,2020-01-13 23:00:44,2020-01-13 23:24:28,2020-01-13 23:24:28,2020-01-13 23:24:28,200000,200082,,,,,,,,,,,200082,310000,310100,0,0,
4303558623589,2020-01-13 13:27:58,2,2020-01-13 13:27:59,2020-01-13 17:54:51,201422,310000,310100,200000,2020-01-13 21:35:47,2020-01-13 21:46:39,2020-01-13 21:46:39,200000,2020-01-13 21:35:47,2020-01-13 21:46:39,,,,,,,,,,,,,,,,,,0,0,2020-01-14 20:00:00
4303549418831,2020-01-13 08:19:38,9,2020-01-13 08:19:39,2020-01-13 11:02:20,200202,310000,310100,202144,2020-01-13 11:57:32,2020-01-13 11:57:32,,200000,2020-01-13 12:03:21,2020-01-13 12:03:21,2020-01-13 12:03:21,2020-01-13 12:03:21,200000,200310,2020-01-13 14:05:03,200310,1155,310000,310100,2020-01-13 15:11:50,200310,1155,1,1,200310,310000,310100,0,1,2020-01-13 20:00:00
4303552852175,2020-01-13 09:54:39,9,2020-01-13 09:54:39,2020-01-13 10:36:27,200202,310000,310100,202144,2020-01-13 11:58:27,2020-01-13 11:58:27,,200000,2020-01-13 12:05:16,2020-01-13 12:05:16,2020-01-13 12:05:16,2020-01-13 12:05:16,200000,200697,2020-01-13 14:39:45,200697,2142,310000,310100,2020-01-13 15:36:14,200697,2142,1,1,,,,1,1,2020-01-13 20:00:00
4303556797537,2020-01-13 12:12:09,9,2020-01-13 12:12:10,2020-01-13 13:33:54,200509,310000,310100,200000,2020-01-13 18:49:10,2020-01-13 18:56:53,,200000,2020-01-13 18:49:10,2020-01-13 18:56:53,2020-01-13 18:56:53,2020-01-13 18:56:53,200000,201401,,,,,,,,,,,201401,310000,310100,0,0,
4303556842669,2020-01-13 12:12:24,9,2020-01-13 12:12:25,2020-01-13 13:33:38,200509,310000,310100,200000,2020-01-13 18:49:50,2020-01-13 18:56:20,,200000,2020-01-13 18:49:50,2020-01-13 18:56:20,2020-01-13 18:56:20,2020-01-13 18:56:20,200000,201821,,,,,,,,,,,201800,310000,310100,0,0,
4303562394623,2020-01-13 15:28:01,2,2020-01-13 15:28:01,2020-01-13 16:20:00,200966,310000,310100,200000,2020-01-13 21:24:21,2020-01-13 21:28:12,2020-01-13 21:28:12,200000,2020-01-13 21:24:21,2020-01-13 21:28:12,,,,,,,,,,,,,,,,,,0,0,2020-01-14 20:00:00
4303563342261,2020-01-13 16:00:06,9,2020-01-13 16:00:07,2020-01-13 19:49:12,200230,310000,310100,200000,2020-01-13 22:10:21,2020-01-13 23:27:47,2020-01-13 23:27:47,200000,2020-01-13 22:10:21,2020-01-13 23:27:47,,,,,,,,,,,,,,,201058,310000,310100,0,0,
4303548927512,2020-01-13 07:29:05,9,2020-01-13 07:29:05,2020-01-13 10:35:52,201255,310000,310100,202144,2020-01-13 12:41:14,2020-01-13 12:41:14,,200000,2020-01-13 13:18:31,2020-01-13 13:18:31,2020-01-13 13:18:31,2020-01-13 13:18:31,200000,200310,2020-01-13 17:07:22,200310,1137,310000,310100,2020-01-13 17:38:23,200310,1137,0,1,200310,310000,310100,0,1,2020-01-13 20:00:00
4303539866120,2020-01-12 14:38:03,9,2020-01-12 14:38:04,2020-01-12 17:10:19,200202,310000,310100,200000,2020-01-13 00:55:39,2020-01-13 01:07:53,,200000,2020-01-13 00:55:39,2020-01-13 01:07:53,2020-01-13 01:07:53,2020-01-13 01:07:53,200000,201615,2020-01-13 09:36:03,201615,9023,310000,310100,2020-01-13 10:21:59,201615,9023,0,1,,,,0,0,
4303549363629,2020-01-13 08:20:36,9,2020-01-13 08:20:36,2020-01-13 10:34:06,200202,310000,310100,202144,2020-01-13 11:59:46,2020-01-13 11:59:46,,202491,2020-01-13 14:29:12,2020-01-13 14:34:30,2020-01-13 14:34:30,2020-01-13 14:34:30,202491,201247,2020-01-13 15:45:44,201247,1200,310000,310100,2020-01-13 16:07:09,201247,1200,1,1,201247,310000,310100,1,1,2020-01-13 20:00:00
4303561225115,2020-01-13 14:49:27,9,2020-01-13 14:49:27,2020-01-13 19:39:13,300400,310000,310100,200000,2020-01-13 21:32:07,2020-01-13 21:39:04,,200000,2020-01-13 21:32:07,2020-01-13 21:39:04,2020-01-13 21:39:04,2020-01-13 21:39:04,200000,200697,,,,,,,,,,,200697,310000,310100,0,0,
4303556855600,2020-01-13 12:12:04,9,2020-01-13 12:12:05,2020-01-13 13:33:58,200509,310000,310100,200000,2020-01-13 18:49:44,2020-01-13 19:22:44,2020-01-13 19:22:44,202491,2020-01-13 21:32:07,2020-01-13 21:37:32,2020-01-13 21:37:32,2020-01-13 21:37:32,202491,202384,,,,,,,,,,,202384,310000,310100,0,0,
4303549465811,2020-01-13 08:19:54,9,2020-01-13 08:19:54,2020-01-13 10:24:27,201917,310000,310100,202144,2020-01-13 12:09:03,2020-01-13 12:09:03,,200000,2020-01-13 12:15:10,2020-01-13 12:15:10,2020-01-13 12:15:10,2020-01-13 12:15:10,200000,201902,2020-01-13 17:13:18,201902,1107,310000,310100,2020-01-13 17:17:59,201902,1107,1,1,201902,310000,310100,0,1,2020-01-13 20:00:00
4303565108275,2020-01-13 17:04:22,9,2020-01-13 17:04:23,2020-01-13 18:00:42,201917,310000,310100,200000,2020-01-13 22:53:28,2020-01-13 23:27:57,2020-01-13 23:27:57,200000,2020-01-13 22:53:28,2020-01-13 23:27:57,,,,,,,,,,,,,,,200600,310000,310100,0,0,2020-01-14 20:00:00
4303563964034,2020-01-13 16:22:35,9,2020-01-13 16:22:36,2020-01-13 17:26:32,200202,,,,,,,,,,,,,,,,,,,,,,,,200972,310000,310100,0,0,
4303551698861,2020-01-13 09:25:10,9,2020-01-13 09:25:11,2020-01-13 10:19:05,610200,510000,510100,610001,2020-01-13 11:59:46,2020-01-13 12:01:35,,610001,2020-01-13 11:59:46,2020-01-13 12:01:35,2020-01-13 12:01:35,2020-01-13 12:01:35,610001,610300,2020-01-13 14:00:33,610300,1314,510000,510100,2020-01-13 16:52:31,610300,1314,0,1,610300,510000,510100,0,1,2020-01-13 20:00:00
4303552931789,2020-01-13 09:57:11,9,2020-01-13 09:57:12,2020-01-13 10:33:21,610200,510000,510100,610001,2020-01-13 11:51:13,2020-01-13 12:04:14,,610001,2020-01-13 11:51:13,2020-01-13 12:04:14,2020-01-13 12:04:14,2020-01-13 12:04:14,610001,610031,2020-01-13 13:51:33,610031,6620,510000,510100,2020-01-13 14:45:06,610031,6620,0,1,610031,510000,510100,1,1,2020-01-13 20:00:00
4303535786919,2020-01-12 12:10:20,9,2020-01-12 12:10:21,2020-01-12 17:13:41,200202,310000,310100,200000,2020-01-13 01:49:19,2020-01-13 02:09:14,,200000,2020-01-13 01:49:19,2020-01-13 02:09:14,2020-01-13 02:09:14,2020-01-13 02:09:14,200000,201452,2020-01-13 07:34:01,201452,1105,310000,310100,2020-01-13 11:13:33,201452,,0,1,201452,310000,310100,0,0,
4303554721062,2020-01-13 13:46:08,9,2020-01-13 13:46:09,2020-01-13 17:55:26,201422,,,,,,,,,,,,,,,,,,,,,,,,,,,0,0,
4303556856070,2020-01-13 12:12:16,2,2020-01-13 12:12:17,2020-01-13 13:33:45,200509,310000,310100,200000,2020-01-13 23:28:39,2020-01-13 23:28:39,,200000,2020-01-13 23:28:39,2020-01-13 23:28:39,,,,,,,,,,,,,,,587538,320000,320100,0,0,2020-01-14 20:00:00
4303561247050,2020-01-13 14:49:26,9,2020-01-13 14:49:27,2020-01-13 19:36:34,300400,310000,310100,200000,2020-01-13 21:34:09,2020-01-13 22:29:23,,200000,2020-01-13 21:34:09,2020-01-13 22:29:23,2020-01-13 22:29:23,2020-01-13 22:29:23,200000,201615,,,,,,,,,,,201615,310000,310100,0,0,
4303564272704,2020-01-13 16:32:13,9,2020-01-13 16:32:13,2020-01-13 16:48:20,200509,310000,310100,200000,2020-01-13 18:49:22,2020-01-13 18:53:56,,200000,2020-01-13 18:49:22,2020-01-13 18:53:56,2020-01-13 18:53:56,2020-01-13 18:53:56,200000,201606,,,,,,,,,,,201606,310000,310100,0,0,
4303561254746,2020-01-13 14:49:29,2,2020-01-13 14:49:30,2020-01-13 18:28:02,300400,310000,310100,200000,2020-01-13 21:36:14,2020-01-13 22:00:47,2020-01-13 22:00:47,200000,2020-01-13 21:36:14,2020-01-13 22:00:47,,,,,,,,,,,,,,,312786,330000,330600,0,0,2020-01-14 20:00:00
4303558636150,2020-01-13 14:04:11,9,2020-01-13 14:04:11,2020-01-13 17:28:49,610200,510000,510100,610001,2020-01-13 22:16:47,2020-01-13 22:45:41,,610001,2020-01-13 22:16:47,2020-01-13 22:45:41,2020-01-13 22:45:41,2020-01-13 22:45:41,610001,610194,,,,,,,,,,,610153,510000,510100,0,0,
4303549356394,2020-01-13 08:20:34,9,2020-01-13 08:20:35,2020-01-13 10:35:47,200202,310000,310100,202144,2020-01-13 11:55:07,2020-01-13 11:55:07,,200000,2020-01-13 12:00:30,2020-01-13 12:00:30,2020-01-13 12:00:30,2020-01-13 12:00:30,200000,200051,2020-01-13 14:13:16,200051,8006,310000,310100,2020-01-13 18:46:50,200051,8006,1,1,200051,310000,310100,1,1,2020-01-13 20:00:00
4303554809831,2020-01-13 11:26:54,2,2020-01-13 11:26:55,2020-01-13 17:50:20,201422,310000,310100,200000,2020-01-13 21:35:10,2020-01-13 21:39:40,2020-01-13 21:39:40,200000,2020-01-13 21:35:10,2020-01-13 21:39:40,,,,,,,,,,,,,,,210113,320000,320100,0,0,2020-01-14 20:00:00
4303553930995,2020-01-13 10:23:29,2,2020-01-13 10:23:29,2020-01-13 19:41:25,300400,310000,310100,200000,2020-01-13 21:53:50,2020-01-13 22:11:13,2020-01-13 22:11:13,200000,2020-01-13 21:53:50,2020-01-13 22:11:13,,,,,,,,,,,,,,,210909,320000,320100,0,0,2020-01-14 20:00:00
4303552385362,2020-01-13 10:12:46,9,2020-01-13 10:12:46,2020-01-13 12:09:10,610100,510000,510100,610001,2020-01-13 15:26:35,2020-01-13 15:40:49,,610001,2020-01-13 15:26:35,2020-01-13 15:40:49,2020-01-13 15:40:49,2020-01-13 15:40:49,610001,611400,,,,,,,,,,,611400,510000,510100,0,0,2020-01-13 20:00:00
4303549832076,2020-01-13 08:34:04,9,2020-01-13 08:34:04,2020-01-13 10:10:15,200966,310000,310100,202144,2020-01-13 11:50:03,2020-01-13 11:50:03,,200000,2020-01-13 11:57:06,2020-01-13 11:57:06,2020-01-13 11:57:06,2020-01-13 11:57:06,200000,201207,2020-01-13 14:10:12,201255,8066,310000,310100,2020-01-13 16:26:45,201255,8066,1,1,201255,310000,310100,0,1,2020-01-13 20:00:00
4303549363748,2020-01-13 08:17:48,9,2020-01-13 08:17:49,2020-01-13 11:07:36,200202,310000,310100,202144,2020-01-13 11:58:40,2020-01-13 11:58:40,,200000,2020-01-13 12:05:31,2020-01-13 12:05:31,2020-01-13 12:05:31,2020-01-13 12:05:31,200000,200036,2020-01-13 14:32:15,200036,1188,310000,310100,2020-01-13 15:06:07,200036,1188,1,1,200036,310000,310100,0,1,2020-01-13 20:00:00
4303549413843,2020-01-13 08:17:50,2,2020-01-13 08:17:51,2020-01-13 10:49:42,200202,,,,,,,,,,,,,,,,,,,,,,,,210167,320000,320100,0,0,2020-01-14 20:00:00
4303552925440,2020-01-13 09:57:28,9,2020-01-13 09:57:29,2020-01-13 10:40:54,610200,510000,510100,610001,2020-01-13 11:52:45,2020-01-13 12:03:39,,610001,2020-01-13 11:52:45,2020-01-13 12:03:39,2020-01-13 12:03:39,2020-01-13 12:03:39,610001,610117,2020-01-13 15:28:13,610117,1324,510000,510100,2020-01-13 17:20:53,610117,1324,1,1,610117,510000,510100,0,1,2020-01-13 20:00:00
4303553341622,2020-01-13 10:40:03,9,2020-01-13 10:40:04,2020-01-13 10:48:32,610200,510000,510100,610001,2020-01-13 11:58:35,2020-01-13 12:09:42,,610001,2020-01-13 11:58:35,2020-01-13 12:09:42,2020-01-13 12:09:42,2020-01-13 12:09:42,610001,610035,2020-01-13 14:43:32,610035,1020,510000,510100,2020-01-13 19:12:19,610035,1020,1,1,610035,510000,510100,0,1,2020-01-13 20:00:00
4303561354088,2020-01-13 15:24:10,9,2020-01-13 15:24:11,2020-01-13 17:53:55,201422,,,,,,,,,,,,,,,,,,,,,,,,202384,310000,310100,0,0,
4303554015634,2020-01-13 10:25:43,2,2020-01-13 10:25:44,2020-01-13 22:27:03,200202,,,,,,,,,,,,,,,,,,,,,,,,310031,330000,330100,0,0,2020-01-14 20:00:00
4303558221839,2020-01-13 14:06:49,9,2020-01-13 14:06:50,2020-01-13 17:58:57,200191,,,,,,,,,,,,,,,,,,,,,,,,200095,310000,310100,0,0,
4303549025246,2020-01-13 07:50:52,9,2020-01-13 07:50:52,2020-01-13 12:45:34,200230,310000,310100,202144,2020-01-13 13:37:06,2020-01-13 13:37:06,,202491,2020-01-13 18:28:14,2020-01-13 18:47:16,2020-01-13 18:47:16,2020-01-13 18:47:16,202491,200444,,,,,,,,,,,200444,310000,310100,0,0,2020-01-13 20:00:00
4303558531558,2020-01-13 14:21:27,2,2020-01-13 14:21:28,2020-01-13 17:49:09,201422,310000,310100,200000,2020-01-13 21:36:09,2020-01-13 21:40:22,2020-01-13 21:40:22,200000,2020-01-13 21:36:09,2020-01-13 21:40:22,,,,,,,,,,,,,,,214031,320000,320200,0,0,2020-01-14 20:00:00
4303549363502,2020-01-13 08:56:06,2,2020-01-13 08:56:07,2020-01-13 10:48:05,610200,510000,510100,610001,2020-01-13 21:17:56,2020-01-13 21:35:32,2020-01-13 21:35:32,610001,2020-01-13 21:17:56,2020-01-13 21:35:32,,,,,,,,,,,,,,,404110,500000,500100,0,0,2020-01-14 20:00:00
4303563288000,2020-01-13 15:58:20,9,2020-01-13 15:58:21,2020-01-13 19:49:30,200230,310000,310100,200000,2020-01-13 22:16:48,2020-01-13 23:15:26,,200000,2020-01-13 22:16:48,2020-01-13 23:15:26,2020-01-13 23:15:26,2020-01-13 23:15:26,200000,201425,,,,,,,,,,,201425,310000,310100,0,0,
4303564273837,2020-01-13 16:32:36,2,2020-01-13 16:32:37,2020-01-13 16:45:21,200509,310000,310100,200000,2020-01-13 23:28:04,2020-01-13 23:32:00,2020-01-13 23:32:00,200000,2020-01-13 23:28:04,2020-01-13 23:32:00,,,,,,,,,,,,,,,586795,320000,320200,0,0,2020-01-14 20:00:00
4303549370214,2020-01-13 08:20:33,9,2020-01-13 08:20:34,2020-01-13 10:35:26,200202,310000,310100,202144,2020-01-13 11:57:00,2020-01-13 11:57:00,,202491,2020-01-13 14:25:45,2020-01-13 14:31:56,2020-01-13 14:31:56,2020-01-13 14:31:56,202491,201203,2020-01-13 17:16:50,201203,2009,310000,310100,2020-01-13 18:44:54,201203,2009,0,1,201203,310000,310100,0,1,2020-01-13 20:00:00
4303564326916,2020-01-13 16:32:45,2,2020-01-13 16:32:46,2020-01-13 16:50:14,200509,310000,310100,200000,2020-01-13 23:29:43,2020-01-13 23:33:41,2020-01-13 23:33:41,200000,2020-01-13 23:29:43,2020-01-13 23:33:41,,,,,,,,,,,,,,,214230,320000,320200,0,0,2020-01-14 20:00:00
4303554603397,2020-01-13 11:55:47,9,2020-01-13 11:55:47,2020-01-13 17:53:51,201422,310000,310100,200000,2020-01-13 23:00:02,2020-01-13 23:02:13,,200000,2020-01-13 23:00:02,2020-01-13 23:02:13,2020-01-13 23:02:13,2020-01-13 23:02:13,200000,200540,,,,,,,,,,,,,,0,0,
4303564265320,2020-01-13 16:32:12,9,2020-01-13 16:32:13,2020-01-13 16:48:33,200509,310000,310100,200000,2020-01-13 18:49:05,2020-01-13 18:57:08,,200000,2020-01-13 18:49:05,2020-01-13 18:57:08,2020-01-13 18:57:08,2020-01-13 18:57:08,200000,201204,,,,,,,,,,,201204,310000,310100,0,0,
4303561209888,2020-01-13 14:49:27,9,2020-01-13 14:49:27,2020-01-13 18:29:21,300400,,,,,,,,,,,,,,,,,,,,,,,,201306,310000,310100,0,0,
4303535964277,2020-01-12 12:18:53,9,2020-01-12 12:18:54,2020-01-12 13:49:50,200509,310000,310100,200000,2020-01-12 18:42:17,2020-01-12 18:46:01,,200000,2020-01-12 18:42:17,2020-01-12 18:46:01,2020-01-12 18:46:01,2020-01-12 18:46:01,200000,202319,2020-01-13 07:30:32,202319,8011,310000,310100,2020-01-13 07:39:07,202319,8011,1,1,202319,310000,310100,0,0,
4303564266822,2020-01-13 16:32:42,9,2020-01-13 16:32:43,2020-01-13 16:46:17,200509,310000,310100,200000,2020-01-13 18:48:01,2020-01-13 18:58:22,,200000,2020-01-13 18:48:01,2020-01-13 18:58:22,2020-01-13 18:58:22,2020-01-13 18:58:22,200000,201912,,,,,,,,,,,201912,310000,310100,0,0,
4303554721065,2020-01-13 13:46:08,9,2020-01-13 13:46:09,2020-01-13 17:55:19,201422,,,,,,,,,,,,,,,,,,,,,,,,,,,0,0,
4303562357519,2020-01-13 15:28:00,2,2020-01-13 15:28:01,2020-01-13 16:18:07,200966,310000,310100,200000,2020-01-13 21:24:35,2020-01-13 21:28:12,2020-01-13 21:28:12,200000,2020-01-13 21:24:35,2020-01-13 21:28:12,,,,,,,,,,,,,,,311001,330000,330100,0,0,2020-01-14 20:00:00
4303564273003,2020-01-13 16:32:21,2,2020-01-13 16:32:22,2020-01-13 16:47:53,200509,310000,310100,200000,2020-01-13 23:43:50,2020-01-13 23:47:48,2020-01-13 23:47:48,200000,2020-01-13 23:43:50,2020-01-13 23:47:48,,,,,,,,,,,,,,,214137,320000,320200,0,0,2020-01-14 20:00:00
4303558187785,2020-01-13 16:44:16,9,2020-01-13 16:44:16,2020-01-13 17:57:14,200191,,,,,,,,,,,,,,,,,,,,,,,,202669,310000,310100,0,0,
4303554636995,2020-01-13 11:15:22,9,2020-01-13 11:15:23,2020-01-13 17:51:41,201422,310000,310100,200000,2020-01-13 23:44:14,2020-01-13 23:44:14,,200000,2020-01-13 23:44:14,2020-01-13 23:44:14,,,,,,,,,,,,,,,200600,310000,310100,0,0,2020-01-13 20:00:00
4303549310222,2020-01-13 08:13:28,9,2020-01-13 08:13:29,2020-01-13 11:04:37,200202,310000,310100,202144,2020-01-13 11:56:43,2020-01-13 11:56:43,,200000,2020-01-13 12:01:02,2020-01-13 12:01:02,2020-01-13 12:01:02,2020-01-13 12:01:02,200000,202136,2020-01-13 15:15:38,202136,1007,310000,310100,2020-01-13 15:46:38,202136,1007,1,1,202136,310000,310100,0,1,2020-01-13 20:00:00
4303553372599,2020-01-13 11:05:39,9,2020-01-13 11:05:40,2020-01-13 12:08:05,610100,510000,510100,610001,2020-01-13 15:26:10,2020-01-13 15:26:10,,610001,2020-01-13 15:26:10,2020-01-13 15:26:10,,,,,,,,,,,,,,,780655,510000,510100,0,0,2020-01-13 20:00:00
4303551095695,2020-01-13 09:08:09,9,2020-01-13 09:08:10,2020-01-13 09:37:04,200509,310000,310100,202144,2020-01-13 12:06:47,2020-01-13 12:06:47,,202491,2020-01-13 14:25:04,2020-01-13 14:26:45,2020-01-13 14:26:45,2020-01-13 14:26:45,202491,201462,,,,,,,,,,,,,,0,0,2020-01-13 20:00:00
4303558988052,2020-01-13 13:37:17,9,2020-01-13 13:37:18,2020-01-13 17:30:05,200202,,,,,,,,,,,,,,,,,,,,,,,,,,,0,0,
4303552282607,2020-01-13 10:02:36,9,2020-01-13 10:02:37,2020-01-13 10:33:32,610200,510000,510100,610001,2020-01-13 11:57:35,2020-01-13 12:05:14,,610001,2020-01-13 11:57:35,2020-01-13 12:05:14,2020-01-13 12:05:14,2020-01-13 12:05:14,610001,610103,2020-01-13 13:41:12,610103,1006,510000,510100,2020-01-13 19:46:35,610103,1006,1,1,610103,510000,510100,1,1,2020-01-13 20:00:00
4303548868874,2020-01-13 07:29:08,9,2020-01-13 07:29:08,2020-01-13 10:36:04,201255,310000,310100,202144,2020-01-13 12:41:00,2020-01-13 12:41:00,,200000,2020-01-13 12:47:27,2020-01-13 12:47:27,2020-01-13 12:47:27,2020-01-13 12:47:27,200000,200070,2020-01-13 15:11:40,200070,9167,310000,310100,2020-01-13 15:30:58,200070,9167,1,1,200070,310000,310100,0,1,2020-01-13 20:00:00
4303554645945,2020-01-13 12:05:50,9,2020-01-13 12:05:51,2020-01-13 17:51:08,201422,310000,310100,200000,2020-01-13 23:00:06,2020-01-13 23:00:06,,200000,2020-01-13 23:00:06,2020-01-13 23:00:06,,,,,,,,,,,,,,,,,,0,0,
4303549384578,2020-01-13 08:17:48,9,2020-01-13 08:17:48,2020-01-13 10:49:20,200202,310000,310100,202144,2020-01-13 11:57:46,2020-01-13 11:57:46,,200000,2020-01-13 12:05:41,2020-01-13 12:05:41,2020-01-13 12:05:41,2020-01-13 12:05:41,200000,200170,2020-01-13 14:11:21,200170,1223,310000,310100,2020-01-13 15:30:41,200170,1223,1,1,200170,310000,310100,0,1,2020-01-13 20:00:00
4303563964327,2020-01-13 16:22:37,2,2020-01-13 16:22:38,2020-01-13 17:21:56,200202,,,,,,,,,,,,,,,,,,,,,,,,312012,330000,330600,0,0,2020-01-14 20:00:00
4303549310202,2020-01-13 08:13:28,9,2020-01-13 08:13:29,2020-01-13 10:52:16,200202,310000,310100,202144,2020-01-13 11:58:31,2020-01-13 11:58:31,,200000,2020-01-13 12:09:12,2020-01-13 12:09:12,2020-01-13 12:09:12,2020-01-13 12:09:12,200000,201127,2020-01-13 20:02:57,201127,9587,310000,310100,2020-01-13 20:07:22,201127,9587,0,1,201127,310000,310100,0,0,2020-01-13 20:00:00
4303564883250,2020-01-13 17:46:43,9,2020-01-13 17:46:44,2020-01-13 19:09:06,200960,310000,310100,200000,2020-01-13 23:43:51,2020-01-13 23:43:51,,200000,2020-01-13 23:43:51,2020-01-13 23:43:51,,,,,,,,,,,,,,,,,,0,0,2020-01-14 20:00:00
4303564260583,2020-01-13 16:32:40,9,2020-01-13 16:32:40,2020-01-13 16:48:45,200509,310000,310100,200000,2020-01-13 18:49:39,2020-01-13 19:01:28,,200000,2020-01-13 18:49:39,2020-01-13 19:01:28,2020-01-13 19:01:28,2020-01-13 19:01:28,200000,200005,,,,,,,,,,,200005,310000,310100,0,0,
4303555564285,2020-01-13 11:27:19,2,2020-01-13 11:27:19,2020-01-13 17:29:14,610200,510000,510100,610001,2020-01-13 21:42:41,2020-01-13 22:04:11,,610001,2020-01-13 21:42:41,2020-01-13 22:04:11,,,,,,,,,,,,,,,,,,0,0,2020-01-14 20:00:00
4303559018155,2020-01-13 13:37:19,2,2020-01-13 13:37:20,2020-01-13 17:25:25,200202,,,,,,,,,,,,,,,,,,,,,,,,,,,0,0,2020-01-14 20:00:00
4303564295733,2020-01-13 16:32:34,2,2020-01-13 16:32:35,2020-01-13 16:45:18,200509,310000,310100,200000,2020-01-13 23:30:23,2020-01-13 23:30:23,,200000,2020-01-13 23:30:23,2020-01-13 23:30:23,,,,,,,,,,,,,,,211510,320000,320100,0,0,2020-01-14 20:00:00
4303549421894,2020-01-13 08:17:54,9,2020-01-13 08:17:55,2020-01-13 10:57:23,200202,310000,310100,202144,2020-01-13 11:54:59,2020-01-13 11:54:59,,202491,2020-01-13 14:25:01,2020-01-13 14:26:53,2020-01-13 14:26:53,2020-01-13 14:26:53,202491,201216,2020-01-13 17:42:56,201216,1000,310000,310100,2020-01-13 18:22:57,201216,1000,1,0,201216,310000,310100,0,1,2020-01-13 20:00:00
4303549384940,2020-01-13 08:17:54,9,2020-01-13 08:17:55,2020-01-13 10:49:25,200202,310000,310100,202144,2020-01-13 11:57:39,2020-01-13 11:57:39,,200000,2020-01-13 12:02:10,2020-01-13 12:02:10,2020-01-13 12:02:10,2020-01-13 12:02:10,200000,201505,2020-01-13 18:40:44,201505,1122,310000,310100,2020-01-13 18:49:25,201505,1122,1,0,201505,310000,310100,0,1,2020-01-13 20:00:00
4303554736405,2020-01-13 13:18:02,9,2020-01-13 13:18:03,2020-01-13 17:51:05,201422,310000,310100,200000,2020-01-13 23:00:14,2020-01-13 23:17:53,,200000,2020-01-13 23:00:14,2020-01-13 23:17:53,2020-01-13 23:17:53,2020-01-13 23:17:53,200000,202368,,,,,,,,,,,,,,0,0,
4303549370355,2020-01-13 08:20:34,9,2020-01-13 08:20:35,2020-01-13 10:35:23,200202,310000,310100,202144,2020-01-13 11:57:44,2020-01-13 11:57:44,,200000,2020-01-13 12:00:21,2020-01-13 12:00:21,2020-01-13 12:00:21,2020-01-13 12:00:21,200000,200888,2020-01-13 17:17:53,200888,8749,310000,310100,2020-01-13 19:05:58,200888,8749,0,1,200888,310000,310100,0,1,2020-01-13 20:00:00
4303564279147,2020-01-13 16:31:51,2,2020-01-13 16:31:51,2020-01-13 16:48:25,200509,310000,310100,200000,2020-01-13 23:30:15,2020-01-13 23:33:53,2020-01-13 23:33:53,200000,2020-01-13 23:30:15,2020-01-13 23:33:53,,,,,,,,,,,,,,,312031,330000,330600,0,0,2020-01-14 20:00:00
4303549592394,2020-01-13 08:25:52,2,2020-01-13 08:25:53,2020-01-13 11:08:42,200202,,,,,,,,,,,,,,,,,,,,,,,,211112,320000,320100,0,0,2020-01-14 20:00:00
4303552200437,2020-01-13 09:48:03,9,2020-01-13 09:48:04,2020-01-13 11:01:59,200202,310000,310100,202144,2020-01-13 11:55:11,2020-01-13 11:55:11,,200000,2020-01-13 12:02:41,2020-01-13 12:02:41,2020-01-13 12:02:41,2020-01-13 12:02:41,200000,201904,2020-01-13 15:20:48,201904,5002,310000,310100,2020-01-13 15:59:59,201904,5002,1,1,201904,310000,310100,0,1,2020-01-13 20:00:00
4303553153058,2020-01-13 10:00:55,9,2020-01-13 10:00:57,2020-01-13 10:45:14,201255,310000,310100,202144,2020-01-13 12:40:21,2020-01-13 12:40:21,,200000,2020-01-13 12:44:03,2020-01-13 12:44:03,2020-01-13 12:44:03,2020-01-13 12:44:03,200000,200261,2020-01-13 18:10:40,200261,1075,310000,310100,2020-01-13 19:34:31,200261,1075,1,1,200261,310000,310100,1,1,2020-01-13 20:00:00
4303564236922,2020-01-13 16:32:09,2,2020-01-13 16:32:10,2020-01-13 16:51:00,200509,310000,310100,200000,2020-01-13 23:30:05,2020-01-13 23:30:05,,200000,2020-01-13 23:30:05,2020-01-13 23:30:05,,,,,,,,,,,,,,,312004,330000,330600,0,0,2020-01-14 20:00:00
4303561317220,2020-01-13 15:35:18,2,2020-01-13 15:35:19,2020-01-13 17:52:42,201422,310000,310100,200000,2020-01-13 21:35:39,2020-01-13 21:39:13,2020-01-13 21:39:13,200000,2020-01-13 21:35:39,2020-01-13 21:39:13,,,,,,,,,,,,,,,311014,330000,330100,0,0,2020-01-14 20:00:00
4303549577189,2020-01-13 08:25:53,2,2020-01-13 08:25:53,2020-01-13 10:50:54,200202,,,,,,,,,,,,,,,,,,,,,,,,214031,320000,320200,0,0,2020-01-14 20:00:00
4303533819629,2020-01-12 10:48:34,2,2020-01-12 10:48:35,2020-01-12 20:37:49,200202,310000,310100,200000,2020-01-12 23:43:34,2020-01-12 23:47:57,2020-01-12 23:47:57,210000,2020-01-13 08:09:36,2020-01-13 08:30:04,2020-01-13 08:30:04,2020-01-13 08:30:04,210000,211500,2020-01-13 18:26:05,211500,6391,320000,320100,2020-01-13 20:22:44,211500,6391,1,1,211500,320000,320100,0,0,2020-01-13 20:00:00
4303556826822,2020-01-13 12:11:53,2,2020-01-13 12:11:53,2020-01-13 13:31:07,200509,310000,310100,200000,2020-01-13 23:28:03,2020-01-13 23:31:39,2020-01-13 23:31:39,200000,2020-01-13 23:28:03,2020-01-13 23:31:39,,,,,,,,,,,,,,,310646,330000,330100,0,0,2020-01-14 20:00:00