电话号码,姓名,分组,备注,出生日期
18797167,小明167,测试167,测试167,2017-12-06
18797168,小明168,测试168,测试168,2017-12-06
18797169,小明169,测试169,测试169,2017-12-06
18797170,小明170,测试170,测试170,2017-12-06
18797171,小明171,测试171,测试171,2017-12-06
18797172,小明172,测试172,测试172,2017-12-06
18797173,小明173,测试173,测试173,2017-12-06
18797174,小明174,测试174,测试174,2017-12-06
18797175,小明175,测试175,测试175,2017-12-06
18797176,小明176,测试176,测试176,2017-12-06
18797177,小明177,测试177,测试177,2017-12-06
18797178,小明178,测试178,测试178,2017-12-06
18797179,小明179,测试179,测试179,2017-12-06
18797180,小明180,测试180,测试180,2017-12-06
18797181,小明181,测试181,测试181,2017-12-06
18797182,小明182,测试182,测试182,2017-12-06
18797183,小明183,测试183,测试183,2017-12-06
18797184,小明184,测试184,测试184,2017-12-06
18797185,小明185,测试185,测试185,2017-12-06
18797186,小明186,测试186,测试186,2017-12-06
18797187,小明187,测试187,测试187,2017-12-06
18797188,小明188,测试188,测试188,2017-12-06
18797189,小明189,测试189,测试189,2017-12-06
18797190,小明190,测试190,测试190,2017-12-06
18797191,小明191,测试191,测试191,2017-12-06
18797192,小明192,测试192,测试192,2017-12-06