18797167,ะกร๗167,ฒโสิ167,ฒโสิ167,2017-12-06
18797168,ะกร๗168,ฒโสิ168,ฒโสิ168,2017-12-06
18797169,ะกร๗169,ฒโสิ169,ฒโสิ169,2017-12-06
18797170,ะกร๗170,ฒโสิ170,ฒโสิ170,2017-12-06
18797171,ะกร๗171,ฒโสิ171,ฒโสิ171,2017-12-06
18797172,ะกร๗172,ฒโสิ172,ฒโสิ172,2017-12-06
18797173,ะกร๗173,ฒโสิ173,ฒโสิ173,2017-12-06
18797174,ะกร๗174,ฒโสิ174,ฒโสิ174,2017-12-06
18797175,ะกร๗175,ฒโสิ175,ฒโสิ175,2017-12-06
18797176,ะกร๗176,ฒโสิ176,ฒโสิ176,2017-12-06
18797177,ะกร๗177,ฒโสิ177,ฒโสิ177,2017-12-06
18797178,ะกร๗178,ฒโสิ178,ฒโสิ178,2017-12-06
18797179,ะกร๗179,ฒโสิ179,ฒโสิ179,2017-12-06
18797180,ะกร๗180,ฒโสิ180,ฒโสิ180,2017-12-06
18797181,ะกร๗181,ฒโสิ181,ฒโสิ181,2017-12-06
18797182,ะกร๗182,ฒโสิ182,ฒโสิ182,2017-12-06
18797183,ะกร๗183,ฒโสิ183,ฒโสิ183,2017-12-06
18797184,ะกร๗184,ฒโสิ184,ฒโสิ184,2017-12-06
18797185,ะกร๗185,ฒโสิ185,ฒโสิ185,2017-12-06
18797186,ะกร๗186,ฒโสิ186,ฒโสิ186,2017-12-06
18797187,ะกร๗187,ฒโสิ187,ฒโสิ187,2017-12-06
18797188,ะกร๗188,ฒโสิ188,ฒโสิ188,2017-12-06
18797189,ะกร๗189,ฒโสิ189,ฒโสิ189,2017-12-06
18797190,ะกร๗190,ฒโสิ190,ฒโสิ190,2017-12-06
18797191,ะกร๗191,ฒโสิ191,ฒโสิ191,2017-12-06
18797192,ะกร๗192,ฒโสิ192,ฒโสิ192,2017-12-06